Date,Open,High,Low,Close,Adj Close,Volume
2016-05-19,0.6045,0.6119600000000001,0.5895699999999999,0.5970300000000001,0.5970300000000001,3119556.0
2016-05-20,0.61942,0.62689,0.5970300000000001,0.6045,0.6045,4223548.0
2016-05-23,0.5970300000000001,0.6045,0.5895699999999999,0.6045,0.6045,2700015.0
2016-05-24,0.6045,0.62689,0.5970300000000001,0.6045,0.6045,4897546.0
2016-05-25,0.6119600000000001,0.62689,0.6045,0.62689,0.62689,2647757.0
2016-05-27,0.64927,0.70898,0.64181,0.6865899999999999,0.6865899999999999,12788693.0
2016-05-30,0.7015100000000001,0.7015100000000001,0.6642,0.67913,0.67913,5129493.0
2016-05-31,0.67913,0.67913,0.64181,0.6642,0.6642,10743783.0
2016-06-01,0.65674,0.76868,0.64927,0.76868,0.76868,14048924.0
2016-06-02,0.806,0.9701799999999999,0.7985300000000001,0.9477899999999999,0.9477899999999999,37715396.0
2016-06-03,0.98511,1.03735,0.87316,0.96272,0.96272,27654589.0
2016-06-06,0.9328700000000001,0.97764,0.89555,0.9701799999999999,0.9701799999999999,8980399.0
2016-06-07,0.9403299999999999,1.07466,0.9403299999999999,1.03735,1.03735,23484908.0
2016-06-08,1.07466,1.11198,1.00749,1.11198,1.11198,23415096.0
2016-06-09,1.1269,1.33586,1.08959,1.33586,1.33586,27379496.0
2016-06-10,1.25377,1.39557,1.23884,1.3284,1.3284,27452122.0
2016-06-13,1.14929,1.3060100000000001,1.11198,1.23884,1.23884,68408474.0
2016-06-14,1.3134700000000001,1.32094,0.9477899999999999,0.9477899999999999,0.9477899999999999,29806428.0
2016-06-15,1.00749,1.14929,0.96272,1.1269,1.1269,30294708.0
2016-06-16,1.11944,1.13436,1.01496,1.02988,1.02988,42584133.0
2016-06-17,1.04481,1.08959,0.9925700000000001,1.00003,1.00003,22592094.0
2016-06-20,0.98511,0.98511,0.84331,0.9403299999999999,0.9403299999999999,13250979.0
2016-06-21,0.7985300000000001,0.85824,0.73137,0.85824,0.85824,42999520.0
2016-06-22,0.8657,0.9925700000000001,0.83585,0.95525,0.95525,40378160.0
2016-06-23,0.98511,1.90304,0.8657,1.29855,1.29855,47365237.0
2016-06-24,1.1866,1.7164700000000002,1.1866,1.39557,1.39557,22458768.0
2016-06-27,1.44781,1.4627299999999999,1.1791399999999999,1.2239200000000001,1.2239200000000001,8195317.0
2016-06-28,1.3060100000000001,1.4702,1.23138,1.4627299999999999,1.4627299999999999,17000851.0
2016-06-29,1.5299,1.5821399999999999,1.39557,1.4702,1.4702,58742151.0
2016-06-30,1.52244,1.52244,1.33586,1.45527,1.45527,18579054.0
2016-07-01,1.44781,1.56721,1.41049,1.56721,1.56721,20042288.0
2016-07-04,1.5075100000000001,1.55229,1.47766,1.49258,1.49258,7522256.0
2016-07-05,1.4627299999999999,1.60453,1.43288,1.5970600000000001,1.5970600000000001,13713130.0
2016-07-06,1.5821399999999999,1.88812,1.56721,1.8433400000000002,1.8433400000000002,20164090.0
2016-07-07,1.8433400000000002,2.0373799999999997,1.81349,1.88812,1.88812,22043113.0
2016-07-08,1.88812,2.00753,1.85827,1.96275,1.96275,14460961.0
2016-07-11,2.01499,2.09708,1.9329,2.08215,2.08215,12856093.0
2016-07-12,2.11947,2.35082,2.09708,2.35082,2.35082,15970825.0
2016-07-13,2.44037,2.66426,2.41052,2.5373900000000003,2.5373900000000003,13828501.0
2016-07-14,2.63441,2.7165,2.50008,2.55232,2.55232,13282736.0
2016-07-15,2.58963,2.6120200000000002,2.3060400000000003,2.3806700000000003,2.3806700000000003,9607499.0
2016-07-18,2.4329099999999997,2.44037,2.1941,2.20902,2.20902,6671919.0
2016-07-19,2.2015599999999997,2.2015599999999997,1.7314,2.08215,2.08215,12927647.0
2016-07-20,2.38813,2.40306,2.22395,2.26126,2.26126,8965257.0
2016-07-21,2.32097,2.40306,2.26873,2.3582799999999997,2.3582799999999997,4542324.0
2016-07-22,2.41799,2.44037,2.23888,2.32843,2.32843,5450949.0
2016-07-25,2.31351,2.31351,2.23141,2.23141,2.23141,6037181.0
2016-07-26,2.23141,2.23141,2.0523,2.08962,2.08962,6682237.0
2016-07-27,2.08215,2.2164900000000003,2.0373799999999997,2.14932,2.14932,4599540.0
2016-07-28,2.14186,2.24634,2.09708,2.20902,2.20902,3796101.0
2016-07-29,2.2015599999999997,2.2911200000000003,2.2015599999999997,2.23888,2.23888,2615866.0
2016-08-01,2.20902,2.26873,2.2015599999999997,2.23888,2.23888,2038076.0
2016-08-02,2.23141,2.23141,2.10454,2.1269299999999998,2.1269299999999998,2419160.0
2016-08-03,2.10454,2.27619,2.08215,2.2538,2.2538,2531717.0
2016-08-04,2.27619,2.28365,2.2015599999999997,2.2164900000000003,2.2164900000000003,1011936.0
2016-08-05,2.2164900000000003,2.35082,2.2015599999999997,2.23888,2.23888,1199396.0
2016-08-08,2.23888,2.32097,2.2164900000000003,2.26873,2.26873,1056155.0
2016-08-09,2.26873,2.3060400000000003,2.23888,2.27619,2.27619,1817251.0
2016-08-10,2.3060400000000003,2.3806700000000003,2.26873,2.35082,2.35082,2469543.0
2016-08-11,2.33589,2.56724,2.29858,2.4329099999999997,2.4329099999999997,3948052.0
2016-08-12,2.4553,2.5373900000000003,2.31351,2.31351,2.31351,2843793.0
2016-08-15,2.27619,2.3956,2.26873,2.31351,2.31351,3738617.0
2016-08-16,2.31351,2.38813,2.29858,2.35082,2.35082,1844988.0
2016-08-17,2.3806700000000003,2.46276,2.3433599999999997,2.46276,2.46276,1947897.0
2016-08-18,2.49262,2.5373900000000003,2.44037,2.4553,2.4553,1169113.0
2016-08-19,2.48515,2.515,2.42545,2.46276,2.46276,1106671.0
2016-08-22,2.46276,2.47023,2.37321,2.37321,2.37321,1318653.0
2016-08-23,2.3806700000000003,2.40306,2.31351,2.33589,2.33589,1229545.0
2016-08-24,2.3582799999999997,2.3582799999999997,2.23888,2.23888,2.23888,3821694.0
2016-08-25,2.23888,2.28365,2.17171,2.23888,2.23888,1780670.0
2016-08-26,2.26126,2.69411,2.24634,2.67919,2.67919,7834868.0
2016-08-29,2.6717299999999997,3.0150200000000003,2.5971,2.76874,2.76874,14389273.0
2016-08-30,2.90308,2.90308,2.6120200000000002,2.64934,2.64934,6668033.0
2016-08-31,2.67919,2.99263,2.64934,2.97024,2.97024,7577462.0
2016-09-01,3.05233,3.08219,2.7986,2.7986,2.7986,8299700.0
2016-09-02,2.88069,2.9777099999999996,2.7986,2.94785,2.94785,6557218.0
2016-09-05,3.00009,3.2613,2.97024,3.13443,3.13443,12715397.0
2016-09-06,3.1717400000000002,3.2389099999999997,2.88815,2.918,2.918,23719401.0
2016-09-08,2.7612799999999997,2.89561,2.5373900000000003,2.8359099999999997,2.8359099999999997,7688009.0
2016-09-09,2.87322,3.02995,2.84337,2.98517,2.98517,6368150.0
2016-09-12,3.02248,3.0672599999999997,2.8359099999999997,2.97024,2.97024,4459514.0
2016-09-13,3.00009,3.0150200000000003,2.9254599999999997,2.98517,2.98517,4003259.0
2016-09-14,3.02248,3.02248,2.7986,2.88815,2.88815,4448527.0
2016-09-15,2.90308,2.90308,2.82098,2.82845,2.82845,1580480.0
2016-09-16,2.80606,2.80606,2.70158,2.7612799999999997,2.7612799999999997,1062989.0
2016-09-19,2.76874,2.80606,2.41799,2.41799,2.41799,5061155.0
2016-09-20,2.4329099999999997,2.63441,2.33589,2.52247,2.52247,3762066.0
2016-09-21,2.69411,2.7090400000000003,2.515,2.54486,2.54486,3099457.0
2016-09-22,2.56724,2.63441,2.50754,2.55978,2.55978,2569369.0
2016-09-23,2.52247,2.55978,2.50008,2.55232,2.55232,1493517.0
2016-09-26,2.5373900000000003,2.6568,2.50008,2.62695,2.62695,3652592.0
2016-09-27,2.6045599999999998,2.6717299999999997,2.56724,2.6194900000000003,2.6194900000000003,3345205.0
2016-09-28,2.62695,2.6568,2.57471,2.6045599999999998,2.6045599999999998,2225134.0
2016-09-29,2.6120200000000002,2.68665,2.58217,2.6717299999999997,2.6717299999999997,3967080.0
2016-09-30,2.67919,2.82098,2.6568,2.7612799999999997,2.7612799999999997,7454052.0
2016-10-03,2.7986,2.88069,2.77621,2.84337,2.84337,3161363.0
2016-10-04,2.87322,2.88069,2.81352,2.84337,2.84337,3085119.0
2016-10-05,2.90308,2.95532,2.76874,2.82098,2.82098,2473428.0
2016-10-06,2.82845,2.82845,2.73889,2.78367,2.78367,1244955.0
2016-10-07,2.80606,2.80606,2.72397,2.75382,2.75382,1172061.0
2016-10-10,2.76874,2.7986,2.72397,2.74635,2.74635,1266126.0
2016-10-11,2.74635,2.78367,2.68665,2.7165,2.7165,4041179.0
2016-10-13,2.73889,2.79113,2.6717299999999997,2.70158,2.70158,2142057.0
2016-10-14,2.68665,2.7090400000000003,2.6568,2.6717299999999997,2.6717299999999997,1364479.0
2016-10-17,2.7090400000000003,2.72397,2.62695,2.63441,2.63441,1899792.0
2016-10-18,2.66426,2.66426,2.5971,2.6194900000000003,2.6194900000000003,853151.0
2016-10-19,2.64187,2.64187,2.58217,2.5971,2.5971,954988.0
2016-10-20,2.58963,2.58963,2.52993,2.55232,2.55232,1155982.0
2016-10-21,2.57471,2.6194900000000003,2.5373900000000003,2.58963,2.58963,1384981.0
2016-10-24,2.6194900000000003,2.7090400000000003,2.57471,2.6194900000000003,2.6194900000000003,2828115.0
2016-10-25,2.6194900000000003,2.6194900000000003,2.57471,2.57471,2.57471,592931.0
2016-10-26,2.56724,2.6045599999999998,2.47769,2.56724,2.56724,892814.0
2016-10-27,2.55978,2.55978,2.50008,2.5373900000000003,2.5373900000000003,523254.0
2016-10-28,2.515,2.55232,2.50008,2.515,2.515,669041.0
2016-10-31,2.515,2.54486,2.47023,2.47023,2.47023,595209.0
2016-11-01,2.47769,2.6568,2.47023,2.64187,2.64187,1960761.0
2016-11-03,2.6717299999999997,2.70158,2.515,2.515,2.515,1129183.0
2016-11-04,2.5373900000000003,2.54486,2.50008,2.50008,2.50008,667165.0
2016-11-07,2.55232,2.57471,2.50008,2.50008,2.50008,1410038.0
2016-11-08,2.55978,2.56724,2.2538,2.2911200000000003,2.2911200000000003,2044910.0
2016-11-09,2.23888,2.31351,2.05977,2.09708,2.09708,3342793.0
2016-11-10,2.10454,2.17171,1.8955799999999998,1.9179700000000002,1.9179700000000002,5227176.0
2016-11-11,1.9851400000000001,2.0299099999999997,1.6716900000000001,1.7164700000000002,1.7164700000000002,3364635.0
2016-11-14,1.7164700000000002,1.9552900000000002,1.61945,1.6642299999999999,1.6642299999999999,9157943.0
2016-11-16,1.68662,1.74632,1.61945,1.6791599999999998,1.6791599999999998,5417316.0
2016-11-17,1.6791599999999998,1.7314,1.6418400000000002,1.70901,1.70901,1457472.0
2016-11-18,1.72393,1.8657299999999999,1.6716900000000001,1.79856,1.79856,2449443.0
2016-11-21,1.8508,1.92543,1.8284200000000002,1.8955799999999998,1.8955799999999998,2226608.0
2016-11-22,1.92543,2.1269299999999998,1.88812,2.08962,2.08962,5032480.0
2016-11-23,2.1941,2.24634,2.11947,2.17917,2.17917,6069072.0
2016-11-24,2.2015599999999997,2.2015599999999997,1.9851400000000001,2.0746900000000004,2.0746900000000004,1891619.0
2016-11-25,2.0746900000000004,2.10454,1.9926,2.02245,2.02245,1107341.0
2016-11-28,2.00006,2.15678,1.92543,2.04484,2.04484,1921098.0
2016-11-29,2.08962,2.1269299999999998,2.0299099999999997,2.08215,2.08215,705220.0
2016-11-30,2.04484,2.1120099999999997,2.02245,2.0523,2.0523,980849.0
2016-12-01,2.06723,2.10454,2.01499,2.05977,2.05977,1349874.0
2016-12-02,2.05977,2.08962,1.9851400000000001,1.9926,1.9926,874457.0
2016-12-05,2.0299099999999997,2.08215,1.91051,1.9179700000000002,1.9179700000000002,1027212.0
2016-12-06,1.9179700000000002,2.15678,1.8508,2.1120099999999997,2.1120099999999997,2861346.0
2016-12-07,2.16425,2.1941,2.08215,2.18664,2.18664,4135914.0
2016-12-08,2.20902,2.3433599999999997,2.08962,2.1269299999999998,2.1269299999999998,4613073.0
2016-12-09,2.14186,2.16425,2.09708,2.15678,2.15678,2069833.0
2016-12-12,2.2015599999999997,2.26873,2.1344,2.2015599999999997,2.2015599999999997,4373891.0
2016-12-13,2.23141,2.23141,2.15678,2.2015599999999997,2.2015599999999997,1730288.0
2016-12-14,2.2015599999999997,2.22395,2.16425,2.17171,2.17171,1376137.0
2016-12-15,2.27619,2.3060400000000003,2.14932,2.14932,2.14932,3759922.0
2016-12-16,2.22395,2.2538,2.14186,2.15678,2.15678,3726825.0
2016-12-19,2.1344,2.1344,2.00006,2.00006,2.00006,2855986.0
2016-12-20,2.00006,2.08215,1.9926,2.01499,2.01499,1514153.0
2016-12-21,2.01499,2.01499,2.01499,2.01499,2.01499,792987.0
2016-12-22,2.02245,2.0299099999999997,1.91051,1.9403599999999999,1.9403599999999999,850739.0
2016-12-23,1.9403599999999999,1.9552900000000002,1.90304,1.9179700000000002,1.9179700000000002,626296.0
2016-12-26,1.9179700000000002,1.9851400000000001,1.8955799999999998,1.9851400000000001,1.9851400000000001,783741.0
2016-12-27,2.01499,2.04484,1.96275,1.96275,1.96275,769136.0
2016-12-28,2.00006,2.01499,1.94782,1.94782,1.94782,2523677.0
2016-12-29,1.96275,1.96275,1.9403599999999999,1.96275,1.96275,938239.0
2017-01-02,1.9851400000000001,2.00753,1.94782,1.9702099999999998,1.9702099999999998,493105.0
2017-01-03,1.97767,1.9926,1.94782,1.97767,1.97767,1151962.0
2017-01-04,1.97767,1.97767,1.94782,1.9552900000000002,1.9552900000000002,680833.0
2017-01-05,1.94782,1.9926,1.94782,1.9926,1.9926,565194.0
2017-01-06,1.9926,2.06723,1.9926,2.00006,2.00006,972944.0
2017-01-09,2.02245,2.08962,1.9851400000000001,2.06723,2.06723,1815509.0
2017-01-10,2.08962,2.15678,2.0746900000000004,2.15678,2.15678,2576337.0
2017-01-11,2.17171,2.2015599999999997,2.0299099999999997,2.05977,2.05977,1975098.0
2017-01-12,2.09708,2.1941,2.09708,2.15678,2.15678,16327656.0
2017-01-13,2.17917,2.3060400000000003,2.14186,2.24634,2.24634,2137501.0
2017-01-16,2.3060400000000003,2.42545,2.27619,2.40306,2.40306,1458812.0
2017-01-17,2.4329099999999997,2.46276,2.3433599999999997,2.37321,2.37321,1851152.0
2017-01-18,2.38813,2.4329099999999997,2.2911200000000003,2.2911200000000003,2.2911200000000003,1061917.0
2017-01-19,2.3060400000000003,2.32843,2.1941,2.2538,2.2538,1219362.0
2017-01-20,2.23888,2.37321,2.23141,2.32097,2.32097,792183.0
2017-01-23,2.31351,2.35082,2.2911200000000003,2.32097,2.32097,572698.0
2017-01-24,2.31351,2.32843,2.26126,2.31351,2.31351,806521.0
2017-01-26,2.29858,2.6120200000000002,2.29858,2.50008,2.50008,3148901.0
2017-01-27,2.55978,2.95532,2.55978,2.7612799999999997,2.7612799999999997,10933789.0
2017-01-30,2.76874,2.8583,2.5971,2.68665,2.68665,6388786.0
2017-01-31,2.7612799999999997,2.81352,2.7090400000000003,2.72397,2.72397,6195698.0
2017-02-01,2.7612799999999997,2.81352,2.72397,2.73889,2.73889,4893795.0
2017-02-02,2.7612799999999997,2.78367,2.68665,2.68665,2.68665,3072792.0
2017-02-03,2.7165,2.75382,2.6568,2.72397,2.72397,3767962.0
2017-02-06,2.7090400000000003,2.74635,2.6717299999999997,2.72397,2.72397,4383405.0
2017-02-07,2.74635,2.8508400000000003,2.7165,2.73889,2.73889,4072266.0
2017-02-08,2.73889,2.79113,2.7090400000000003,2.77621,2.77621,1716218.0
2017-02-09,2.75382,2.8359099999999997,2.75382,2.79113,2.79113,2862954.0
2017-02-10,2.7986,2.91054,2.78367,2.80606,2.80606,2821282.0
2017-02-13,2.8508400000000003,2.88069,2.82098,2.82098,2.82098,1511875.0
2017-02-14,2.8359099999999997,2.84337,2.7986,2.7986,2.7986,928859.0
2017-02-15,2.81352,2.9403900000000003,2.80606,2.8508400000000003,2.8508400000000003,2657673.0
2017-02-16,2.86576,3.04487,2.86576,2.9254599999999997,2.9254599999999997,3603549.0
2017-02-17,2.9777099999999996,3.02248,2.9254599999999997,2.9403900000000003,2.9403900000000003,1387661.0
2017-02-20,2.97024,3.0150200000000003,2.94785,2.96278,2.96278,1953391.0
2017-02-21,2.96278,3.00009,2.94785,2.97024,2.97024,1962502.0
2017-02-22,2.94785,3.05233,2.9403900000000003,2.99263,2.99263,3698016.0
2017-02-23,3.00009,3.03741,2.95532,3.02995,3.02995,5188719.0
2017-02-24,2.99263,3.4628,2.99263,3.1642799999999998,3.1642799999999998,3966410.0
2017-03-01,3.19413,3.25383,3.1045700000000003,3.1642799999999998,3.1642799999999998,869365.0
2017-03-02,3.1792,3.3060699999999996,3.1717400000000002,3.26876,3.26876,1814035.0
2017-03-03,3.3060699999999996,3.55235,3.3060699999999996,3.5225,3.5225,3239214.0
2017-03-06,3.54489,4.11953,3.54489,4.02998,4.02998,5291494.0
2017-03-07,4.22401,4.41059,3.80609,3.86579,3.86579,7442931.0
2017-03-08,3.9777400000000003,4.1643099999999995,3.7090699999999996,3.80609,3.80609,4838856.0
2017-03-09,3.7687699999999995,4.17924,3.7314599999999998,4.0449,4.0449,6013598.0
2017-03-10,4.11207,4.27625,3.9478800000000005,4.02998,4.02998,21692848.0
2017-03-13,4.0449,4.15685,3.71653,3.8284800000000003,3.8284800000000003,3562546.0
2017-03-14,3.8434,3.8732599999999997,3.5672800000000002,3.79863,3.79863,2417284.0
2017-03-15,3.80609,3.9404199999999996,3.7314599999999998,3.80609,3.80609,1955803.0
2017-03-16,3.82102,3.9180300000000003,3.71653,3.7463900000000003,3.7463900000000003,2350286.0
2017-03-17,3.7687699999999995,3.8508699999999996,3.6419099999999998,3.6866800000000004,3.6866800000000004,2266673.0
2017-03-20,3.7090699999999996,3.76131,3.6195199999999996,3.6195199999999996,3.6195199999999996,869633.0
2017-03-21,3.6568300000000002,3.6568300000000002,3.3807,3.39563,3.39563,959008.0
2017-03-22,3.321,3.35085,2.99263,3.09711,3.09711,3112588.0
2017-03-23,3.20906,3.58966,3.14935,3.58966,3.58966,5470513.0
2017-03-24,3.62698,3.7837,3.26876,3.3433900000000003,3.3433900000000003,6190204.0
2017-03-27,3.3433900000000003,3.4254800000000003,3.18667,3.28369,3.28369,2724135.0
2017-03-28,3.29861,3.39563,3.22398,3.3359300000000003,3.3359300000000003,3063278.0
2017-03-29,3.3433900000000003,3.3881699999999997,3.29115,3.3284599999999998,3.3284599999999998,1719702.0
2017-03-30,3.3284599999999998,3.3284599999999998,3.1717400000000002,3.1792,3.1792,2374272.0
2017-03-31,3.12696,3.15682,3.04487,3.08965,3.08965,2673886.0
2017-04-03,3.08965,3.1120400000000004,2.98517,3.03741,3.03741,1378013.0
2017-04-04,2.98517,3.02995,2.94785,2.98517,2.98517,5079245.0
2017-04-05,2.94785,2.9777099999999996,2.76874,2.76874,2.76874,3324570.0
2017-04-06,2.80606,2.93293,2.76874,2.78367,2.78367,2038076.0
2017-04-07,2.7986,2.8583,2.72397,2.72397,2.72397,2311964.0
2017-04-10,2.73889,2.75382,2.515,2.67919,2.67919,2663033.0
2017-04-11,2.67919,2.74635,2.54486,2.69411,2.69411,4024296.0
2017-04-12,2.7165,2.7165,2.58963,2.68665,2.68665,3739153.0
2017-04-13,2.70158,3.19413,2.64187,3.13443,3.13443,4149314.0
2017-04-17,3.1120400000000004,3.13443,2.97024,3.09711,3.09711,2035932.0
2017-04-18,3.12696,3.3359300000000003,3.03741,3.27622,3.27622,3555713.0
2017-04-19,3.31354,3.4702599999999997,3.27622,3.4702599999999997,3.4702599999999997,1992384.0
2017-04-20,3.41802,3.4329400000000003,3.20906,3.20906,3.20906,1318787.0
2017-04-24,3.2389099999999997,3.321,3.1195,3.14189,3.14189,792451.0
2017-04-25,3.0672599999999997,3.13443,3.04487,3.13443,3.13443,644520.0
2017-04-26,3.13443,3.14935,3.09711,3.1195,3.1195,317570.0
2017-04-27,3.09711,3.14935,2.98517,3.02248,3.02248,552465.0
2017-04-28,3.05233,3.1045700000000003,2.99263,3.05233,3.05233,611021.0
2017-05-02,3.13443,3.1717400000000002,3.07472,3.08219,3.08219,453308.0
2017-05-03,3.09711,3.09711,2.98517,2.98517,2.98517,745017.0
2017-05-04,2.98517,3.02248,2.93293,2.9403900000000003,2.9403900000000003,470861.0
2017-05-05,2.94785,3.0150200000000003,2.9403900000000003,3.0150200000000003,3.0150200000000003,481715.0
2017-05-08,3.0598,3.0598,2.88069,2.93293,2.93293,688336.0
2017-05-09,2.9403900000000003,3.0150200000000003,2.91054,2.97024,2.97024,1100106.0
2017-05-10,2.97024,3.02248,2.89561,2.98517,2.98517,1043157.0
2017-05-11,2.98517,3.02248,2.9777099999999996,3.00756,3.00756,593199.0
2017-05-12,3.04487,3.07472,2.97024,3.03741,3.03741,1158662.0
2017-05-15,3.03741,3.09711,3.00756,3.0150200000000003,3.0150200000000003,692356.0
2017-05-16,3.00009,3.0150200000000003,2.91054,2.98517,2.98517,1525542.0
2017-05-17,3.00009,3.02248,2.97024,3.00756,3.00756,577656.0
2017-05-18,2.38813,2.7986,2.38813,2.72397,2.72397,2112310.0
2017-05-19,2.7986,2.94785,2.7986,2.94785,2.94785,1000681.0
2017-05-22,2.87322,2.9777099999999996,2.82098,2.8508400000000003,2.8508400000000003,1075718.0
2017-05-23,2.8508400000000003,2.98517,2.8359099999999997,2.93293,2.93293,568946.0
2017-05-24,2.9403900000000003,3.04487,2.9403900000000003,2.95532,2.95532,324940.0
2017-05-25,3.0150200000000003,3.09711,2.9777099999999996,3.0672599999999997,3.0672599999999997,1349472.0
2017-05-26,3.07472,3.1717400000000002,3.02995,3.02995,3.02995,719155.0
2017-05-29,3.02995,3.02995,3.02995,3.02995,3.02995,0.0
2017-05-30,3.08965,3.08965,3.00009,3.00756,3.00756,221227.0
2017-05-31,3.0150200000000003,3.04487,2.94785,2.96278,2.96278,366747.0
2017-06-01,2.96278,3.05233,2.9403900000000003,2.9403900000000003,2.9403900000000003,281525.0
2017-06-02,2.95532,3.08219,2.88815,3.08219,3.08219,867221.0
2017-06-05,3.07472,3.08219,2.9403900000000003,2.9403900000000003,2.9403900000000003,917737.0
2017-06-06,2.95532,2.98517,2.87322,2.91054,2.91054,370900.0
2017-06-07,2.88069,2.9777099999999996,2.86576,2.89561,2.89561,818044.0
2017-06-08,2.91054,2.97024,2.84337,2.91054,2.91054,645726.0
2017-06-09,2.95532,3.0150200000000003,2.89561,2.95532,2.95532,720629.0
2017-06-12,2.94785,2.9777099999999996,2.86576,2.88069,2.88069,382960.0
2017-06-13,2.88069,2.94785,2.8508400000000003,2.9254599999999997,2.9254599999999997,759488.0
2017-06-14,2.9403900000000003,2.9777099999999996,2.89561,2.9403900000000003,2.9403900000000003,834794.0
2017-06-15,2.9403900000000003,2.9403900000000003,2.9403900000000003,2.9403900000000003,2.9403900000000003,0.0
2017-06-16,2.95532,3.07472,2.9403900000000003,3.07472,3.07472,846853.0
2017-06-19,3.0598,3.1120400000000004,2.99263,2.99263,2.99263,1471944.0
2017-06-20,3.03741,3.03741,2.77621,2.8359099999999997,2.8359099999999997,1654580.0
2017-06-21,2.87322,2.88815,2.81352,2.84337,2.84337,841360.0
2017-06-22,2.87322,3.0150200000000003,2.82845,2.98517,2.98517,1333928.0
2017-06-23,3.0150200000000003,3.0150200000000003,2.9254599999999997,3.0150200000000003,3.0150200000000003,2277259.0
2017-06-26,3.0150200000000003,3.0598,2.96278,2.98517,2.98517,327754.0
2017-06-27,2.97024,3.02248,2.91054,2.97024,2.97024,2530109.0
2017-06-28,2.96278,2.9777099999999996,2.9254599999999997,2.97024,2.97024,656043.0
2017-06-29,3.00756,3.02995,2.93293,2.97024,2.97024,1049723.0
2017-06-30,2.94785,3.0150200000000003,2.9403900000000003,3.0150200000000003,3.0150200000000003,2267745.0
2017-07-03,3.02248,3.08965,2.98517,3.08965,3.08965,876601.0
2017-07-04,3.08965,3.19413,3.04487,3.12696,3.12696,1082016.0
2017-07-05,3.15682,3.15682,3.09711,3.1195,3.1195,684049.0
2017-07-06,3.1642799999999998,3.23144,3.13443,3.20906,3.20906,772084.0
2017-07-07,3.2389099999999997,3.2389099999999997,3.14189,3.1642799999999998,3.1642799999999998,763508.0
2017-07-10,3.14935,3.19413,3.14935,3.19413,3.19413,729607.0
2017-07-11,3.22398,3.26876,3.20159,3.23144,3.23144,451834.0
2017-07-12,3.23144,3.51504,3.23144,3.4777199999999997,3.4777199999999997,2767683.0
2017-07-13,3.50757,3.5822,3.25383,3.29861,3.29861,1705767.0
2017-07-14,3.3433900000000003,3.40309,3.25383,3.26876,3.26876,666763.0
2017-07-17,3.28369,3.3060699999999996,3.1717400000000002,3.1792,3.1792,813489.0
2017-07-18,3.1792,3.20159,3.00756,3.09711,3.09711,1566411.0
2017-07-19,3.1045700000000003,3.1120400000000004,2.98517,3.04487,3.04487,3363429.0
2017-07-20,3.08219,3.18667,2.9777099999999996,2.98517,2.98517,2518049.0
2017-07-21,3.03741,3.0598,2.94785,2.98517,2.98517,833990.0
2017-07-24,3.00009,3.03741,2.95532,3.00756,3.00756,574976.0
2017-07-25,3.00756,3.05233,3.00756,3.05233,3.05233,421551.0
2017-07-26,3.0598,3.0672599999999997,2.99263,3.02248,3.02248,535581.0
2017-07-27,3.02248,3.04487,2.98517,3.02248,3.02248,465769.0
2017-07-28,3.02248,3.08219,3.00009,3.0598,3.0598,281793.0
2017-07-31,3.07472,3.20159,3.02995,3.18667,3.18667,1773434.0
2017-08-01,3.20159,3.20906,3.0598,3.0672599999999997,3.0672599999999997,717146.0
2017-08-02,3.08965,3.08965,3.00756,3.0672599999999997,3.0672599999999997,650416.0
2017-08-03,3.07472,3.1792,3.0598,3.1120400000000004,3.1120400000000004,2328713.0
2017-08-04,3.1120400000000004,3.27622,3.1120400000000004,3.18667,3.18667,1389938.0
2017-08-07,3.19413,3.19413,3.13443,3.14189,3.14189,355357.0
2017-08-08,3.13443,3.1642799999999998,3.08219,3.08965,3.08965,256334.0
2017-08-09,3.0672599999999997,3.09711,3.0598,3.0672599999999997,3.0672599999999997,207827.0
2017-08-10,2.98517,3.02248,2.8583,3.00009,3.00009,1298553.0
2017-08-11,3.00756,3.04487,2.98517,2.99263,2.99263,410697.0
2017-08-14,3.02248,3.0598,2.99263,2.99263,2.99263,160393.0
2017-08-15,2.98517,3.23144,2.94785,3.15682,3.15682,1971346.0
2017-08-16,3.18667,3.20906,3.0672599999999997,3.08219,3.08219,549115.0
2017-08-17,3.08219,3.08965,3.02248,3.02995,3.02995,364067.0
2017-08-18,3.04487,3.0598,3.0150200000000003,3.03741,3.03741,293853.0
2017-08-21,3.07472,3.07472,3.02248,3.04487,3.04487,165619.0
2017-08-22,3.04487,3.09711,3.03741,3.0598,3.0598,375456.0
2017-08-23,3.05233,3.08965,3.00756,3.08965,3.08965,435084.0
2017-08-24,3.1717400000000002,3.2613,3.09711,3.24637,3.24637,3662641.0
2017-08-25,3.26876,3.3433900000000003,3.20159,3.27622,3.27622,1182915.0
2017-08-28,3.29115,3.3284599999999998,3.19413,3.2389099999999997,3.2389099999999997,906214.0
2017-08-29,3.24637,3.27622,3.20906,3.2389099999999997,3.2389099999999997,222835.0
2017-08-30,3.24637,3.41055,3.24637,3.3657800000000004,3.3657800000000004,3372138.0
2017-08-31,3.39563,3.4329400000000003,3.29115,3.35085,3.35085,1268136.0
2017-09-01,3.31354,3.35085,3.20159,3.24637,3.24637,2746646.0
2017-09-04,3.24637,3.28369,3.19413,3.20906,3.20906,224979.0
2017-09-05,3.20906,3.28369,3.19413,3.26876,3.26876,426509.0
2017-09-06,3.28369,3.3284599999999998,3.21652,3.2613,3.2613,422891.0
2017-09-07,3.2613,3.2613,3.2613,3.2613,3.2613,0.0
2017-09-08,3.2613,3.4329400000000003,3.24637,3.35085,3.35085,2153580.0
2017-09-11,3.37324,3.4628,3.08965,3.3359300000000003,3.3359300000000003,1939053.0
2017-09-12,3.35831,3.39563,3.29115,3.3807,3.3807,3653261.0
2017-09-13,3.3881699999999997,3.4702599999999997,3.35831,3.4553300000000005,3.4553300000000005,909429.0
2017-09-14,3.4553300000000005,3.50757,3.4254800000000003,3.4777199999999997,3.4777199999999997,296399.0
2017-09-15,3.4702599999999997,3.6195199999999996,3.4702599999999997,3.55235,3.55235,1527284.0
2017-09-18,3.5822,3.69415,3.49265,3.55235,3.55235,3462987.0
2017-09-19,3.5598099999999997,3.6568300000000002,3.5374199999999996,3.5822,3.5822,2687286.0
2017-09-20,3.5971300000000004,3.60459,3.54489,3.5822,3.5822,2317189.0
2017-09-21,3.5971300000000004,3.6195199999999996,3.3881699999999997,3.3881699999999997,3.3881699999999997,862397.0
2017-09-22,3.40309,3.80609,3.40309,3.80609,3.80609,17303146.0
2017-09-25,3.82102,4.0971400000000004,3.5374199999999996,3.5374199999999996,3.5374199999999996,3221259.0
2017-09-26,3.54489,3.6866800000000004,3.48518,3.64937,3.64937,5032078.0
2017-09-27,3.6642900000000003,4.02998,3.5747400000000003,3.7687699999999995,3.7687699999999995,6417595.0
2017-09-28,3.7314599999999998,3.8807199999999997,3.67176,3.80609,3.80609,1905018.0
2017-09-29,3.8284800000000003,3.8359400000000003,3.69415,3.7687699999999995,3.7687699999999995,752922.0
2017-10-02,3.7911599999999996,3.82102,3.63444,3.7090699999999996,3.7090699999999996,1576729.0
2017-10-03,3.73892,3.73892,3.5822,3.5822,3.5822,1500753.0
2017-10-04,3.5971300000000004,3.6792199999999995,3.5225,3.67176,3.67176,1746501.0
2017-10-05,3.5971300000000004,3.67176,3.58966,3.6419099999999998,3.6419099999999998,1014348.0
2017-10-06,3.67176,3.6866800000000004,3.60459,3.6568300000000002,3.6568300000000002,704952.0
2017-10-09,3.724,3.724,3.62698,3.64937,3.64937,830372.0
2017-10-10,3.76131,3.7837,3.6568300000000002,3.7314599999999998,3.7314599999999998,16945779.0
2017-10-11,3.7687699999999995,3.9180300000000003,3.76131,3.8359400000000003,3.8359400000000003,4908802.0
2017-10-12,3.8359400000000003,3.8359400000000003,3.8359400000000003,3.8359400000000003,3.8359400000000003,0.0
2017-10-13,4.05237,4.45536,3.9255,4.41059,4.41059,16955695.0
2017-10-16,4.28372,4.65686,4.059830000000001,4.48522,4.48522,4625401.0
2017-10-17,4.55984,4.65686,4.4479,4.522530000000001,4.522530000000001,2521801.0
2017-10-18,4.52999,4.60462,4.45536,4.46283,4.46283,7959217.0
2017-10-19,4.44044,4.47775,4.0449,4.10461,4.10461,3619629.0
2017-10-20,4.11207,4.2538599999999995,3.95535,4.00759,4.00759,1732700.0
2017-10-23,3.9852,3.99266,3.77624,3.7837,3.7837,1508257.0
2017-10-24,3.81355,3.82102,3.5971300000000004,3.63444,3.63444,1379889.0
2017-10-25,3.62698,3.7463900000000003,3.5598099999999997,3.61205,3.61205,1480252.0
2017-10-26,3.64937,3.70161,3.48518,3.48518,3.48518,1117927.0
2017-10-27,3.52996,3.69415,3.50011,3.6419099999999998,3.6419099999999998,602177.0
2017-10-30,3.6568300000000002,3.77624,3.50757,3.5225,3.5225,795131.0
2017-10-31,3.5747400000000003,3.5747400000000003,3.40309,3.49265,3.49265,697046.0
2017-11-01,3.55235,4.05237,3.4553300000000005,3.90311,3.90311,16568313.0
2017-11-02,3.90311,3.90311,3.90311,3.90311,3.90311,0.0
2017-11-03,4.10461,4.15685,3.6642900000000003,3.95535,3.95535,2273239.0
2017-11-06,3.95535,4.0822199999999995,3.6792199999999995,3.6866800000000004,3.6866800000000004,1456534.0
2017-11-07,3.6792199999999995,3.724,3.5225,3.54489,3.54489,1269208.0
2017-11-08,3.58966,3.8359400000000003,3.54489,3.7463900000000003,3.7463900000000003,2732710.0
2017-11-09,3.6866800000000004,3.7314599999999998,3.4329400000000003,3.48518,3.48518,2146211.0
2017-11-10,3.50757,3.5672800000000002,3.37324,3.4553300000000005,3.4553300000000005,1083892.0
2017-11-13,3.4478699999999995,3.5225,3.3284599999999998,3.3881699999999997,3.3881699999999997,929663.0
2017-11-14,3.4478699999999995,3.49265,3.29115,3.35831,3.35831,890804.0
2017-11-15,3.35831,3.35831,3.35831,3.35831,3.35831,0.0
2017-11-16,3.40309,3.4254800000000003,3.29115,3.3807,3.3807,677483.0
2017-11-17,3.31354,3.41802,3.29861,3.321,3.321,652962.0
2017-11-20,3.321,3.321,3.321,3.321,3.321,0.0
2017-11-21,3.35085,3.40309,3.29861,3.37324,3.37324,731215.0
2017-11-22,3.40309,3.5374199999999996,3.35831,3.4628,3.4628,540807.0
2017-11-23,3.48518,3.6195199999999996,3.44041,3.6195199999999996,3.6195199999999996,367282.0
2017-11-24,3.5822,3.63444,3.4553300000000005,3.4553300000000005,3.4553300000000005,671587.0
2017-11-27,3.4329400000000003,3.44041,3.25383,3.25383,3.25383,1073842.0
2017-11-28,3.22398,3.4254800000000003,3.22398,3.35085,3.35085,683781.0
2017-11-29,3.3657800000000004,3.4329400000000003,3.321,3.4329400000000003,3.4329400000000003,351337.0
2017-11-30,3.3657800000000004,3.4329400000000003,3.2613,3.37324,3.37324,499000.0
2017-12-01,3.3881699999999997,3.3881699999999997,3.29115,3.321,3.321,414047.0
2017-12-04,3.3284599999999998,3.3657800000000004,3.24637,3.24637,3.24637,457462.0
2017-12-05,3.26876,3.321,3.1717400000000002,3.2613,3.2613,681637.0
2017-12-06,3.25383,3.25383,3.19413,3.21652,3.21652,397700.0
2017-12-07,3.20906,3.25383,3.1717400000000002,3.25383,3.25383,282731.0
2017-12-08,3.25383,3.41802,3.24637,3.39563,3.39563,549383.0
2017-12-11,3.39563,3.4329400000000003,3.3657800000000004,3.3657800000000004,3.3657800000000004,435486.0
2017-12-12,3.37324,3.7687699999999995,3.3657800000000004,3.64937,3.64937,2234782.0
2017-12-13,3.70161,3.7911599999999996,2.81352,2.81352,2.81352,36806770.0
2017-12-14,2.8508400000000003,2.9254599999999997,2.49262,2.52247,2.52247,17685302.0
2017-12-15,2.55232,2.88815,2.42545,2.7986,2.7986,10894261.0
2017-12-18,2.87322,3.00009,2.58963,2.64934,2.64934,5433530.0
2017-12-19,2.7165,2.7612799999999997,2.5373900000000003,2.6120200000000002,2.6120200000000002,5845835.0
2017-12-20,2.88069,2.89561,2.6045599999999998,2.66426,2.66426,24342079.0
2017-12-21,2.69411,2.73889,2.5971,2.6120200000000002,2.6120200000000002,9614467.0
2017-12-22,2.64187,2.73889,2.57471,2.68665,2.68665,11187711.0
2017-12-25,2.68665,2.68665,2.68665,2.68665,2.68665,0.0
2017-12-26,2.7165,2.8508400000000003,2.66426,2.8508400000000003,2.8508400000000003,9310966.0
2017-12-27,2.90308,2.9254599999999997,2.76874,2.76874,2.76874,7398980.0
2017-12-28,2.78367,2.82098,2.70158,2.7090400000000003,2.7090400000000003,1757221.0
2017-12-29,2.7090400000000003,2.7090400000000003,2.7090400000000003,2.7090400000000003,2.7090400000000003,0.0
2018-01-02,2.74635,2.74635,2.66426,2.68665,2.68665,3423459.0
2018-01-03,2.68665,2.75382,2.57471,2.6120200000000002,2.6120200000000002,5513525.0
2018-01-04,2.6120200000000002,2.69411,2.5971,2.5971,2.5971,2884930.0
2018-01-05,2.5971,2.62695,2.58963,2.6120200000000002,2.6120200000000002,2079079.0
2018-01-08,2.6194900000000003,2.6194900000000003,2.5373900000000003,2.58217,2.58217,5377117.0
2018-01-09,2.62695,2.62695,2.56724,2.57471,2.57471,7528822.0
2018-01-10,2.58217,2.6120200000000002,2.4329099999999997,2.6120200000000002,2.6120200000000002,22688973.0
2018-01-11,2.5971,2.6194900000000003,2.52993,2.5373900000000003,2.5373900000000003,3281825.0
2018-01-12,2.54486,2.54486,2.47023,2.48515,2.48515,2167382.0
2018-01-15,2.50754,2.515,2.44037,2.4553,2.4553,2252871.0
2018-01-16,2.4553,2.5373900000000003,2.3806700000000003,2.5373900000000003,2.5373900000000003,6852277.0
2018-01-17,2.57471,2.72397,2.5373900000000003,2.6568,2.6568,12819378.0
2018-01-18,2.70158,2.74635,2.5971,2.66426,2.66426,9540769.0
2018-01-19,2.68665,2.7090400000000003,2.6568,2.68665,2.68665,9606293.0
2018-01-22,2.77621,2.88069,2.73889,2.8359099999999997,2.8359099999999997,10791620.0
2018-01-23,2.84337,2.88815,2.68665,2.69411,2.69411,14124095.0
2018-01-24,2.7612799999999997,2.78367,2.6717299999999997,2.68665,2.68665,7339084.0
2018-01-25,2.68665,2.68665,2.68665,2.68665,2.68665,0.0
2018-01-26,2.72397,2.82845,2.69411,2.81352,2.81352,10702111.0
2018-01-29,2.79113,2.81352,2.73889,2.76874,2.76874,5973935.0
2018-01-30,2.76874,2.77621,2.69411,2.72397,2.72397,4256511.0
2018-01-31,2.73889,2.76874,2.6120200000000002,2.68665,2.68665,7519978.0
2018-02-01,2.70158,2.72397,2.62695,2.67919,2.67919,8047654.0
2018-02-02,2.66426,2.6717299999999997,2.58963,2.58963,2.58963,4623525.0
2018-02-05,2.57471,2.58217,2.4478400000000002,2.46276,2.46276,4600612.0
2018-02-06,2.47023,2.47769,2.35082,2.3806700000000003,2.3806700000000003,17224490.0
2018-02-07,2.38813,2.515,2.35082,2.49262,2.49262,21170666.0
2018-02-08,2.50008,2.58963,2.50008,2.52247,2.52247,9994747.0
2018-02-09,2.52993,2.56724,2.4553,2.52247,2.52247,3590819.0
2018-02-14,2.54486,2.58963,2.52247,2.58217,2.58217,2205571.0
2018-02-15,2.57471,2.75382,2.57471,2.73889,2.73889,8787043.0
2018-02-16,2.7612799999999997,2.7986,2.70158,2.78367,2.78367,5166074.0
2018-02-19,2.77621,2.82098,2.68665,2.73143,2.73143,5619650.0
2018-02-20,2.73143,2.77621,2.66426,2.75382,2.75382,5474398.0
2018-02-21,2.75382,2.88815,2.75382,2.87322,2.87322,12708564.0
2018-02-22,2.90308,2.9403900000000003,2.79113,2.84337,2.84337,5912297.0
2018-02-23,2.87322,2.90308,2.73889,2.82098,2.82098,4774002.0
2018-02-26,2.8508400000000003,3.02248,2.80606,3.0150200000000003,3.0150200000000003,21857663.0
2018-02-27,3.0150200000000003,3.0150200000000003,2.918,2.96278,2.96278,7437705.0
2018-02-28,3.00009,3.1120400000000004,2.96278,3.0150200000000003,3.0150200000000003,6605993.0
2018-03-01,3.00756,3.04487,2.918,2.918,2.918,12941046.0
2018-03-02,2.9254599999999997,2.9403900000000003,2.82845,2.91054,2.91054,6159385.0
2018-03-05,2.91054,2.9254599999999997,2.84337,2.8583,2.8583,3162703.0
2018-03-06,2.88069,2.98517,2.88069,2.95532,2.95532,10512506.0
2018-03-07,2.95532,2.98517,2.87322,2.9254599999999997,2.9254599999999997,6633864.0
2018-03-08,2.98517,3.14935,2.95532,3.14935,3.14935,20300632.0
2018-03-09,3.1717400000000002,3.3807,3.15682,3.35831,3.35831,10310039.0
2018-03-12,3.3881699999999997,3.5225,3.35831,3.35831,3.35831,2980871.0
2018-03-13,3.39563,3.4254800000000003,3.19413,3.26876,3.26876,12194020.0
2018-03-14,3.321,3.321,3.08219,3.14189,3.14189,3605961.0
2018-03-15,3.20906,3.3433900000000003,3.02995,3.1195,3.1195,5370284.0
2018-03-16,3.13443,3.15682,2.99263,3.15682,3.15682,4366923.0
2018-03-19,3.18667,3.22398,3.1195,3.1195,3.1195,9360009.0
2018-03-20,3.12696,3.1642799999999998,3.07472,3.13443,3.13443,5184164.0
2018-03-21,3.12696,3.13443,3.0672599999999997,3.13443,3.13443,3067968.0
2018-03-22,3.1195,3.13443,3.08965,3.13443,3.13443,5850659.0
2018-03-23,3.21652,3.22398,3.0598,3.0598,3.0598,8173476.0
2018-03-26,3.0672599999999997,3.1120400000000004,2.918,2.97024,2.97024,2875282.0
2018-03-27,2.9777099999999996,2.9777099999999996,2.8508400000000003,2.91054,2.91054,2323219.0
2018-03-28,2.91054,2.91054,2.72397,2.7612799999999997,2.7612799999999997,5545952.0
2018-03-29,2.74635,3.0150200000000003,2.67919,2.9403900000000003,2.9403900000000003,7738525.0
2018-04-02,2.94785,2.98517,2.81352,2.89561,2.89561,2041828.0
2018-04-03,2.9403900000000003,2.9777099999999996,2.8508400000000003,2.88069,2.88069,2389681.0
2018-04-04,2.84337,2.9777099999999996,2.7986,2.9777099999999996,2.9777099999999996,5324189.0
2018-04-05,3.00756,3.02995,2.93293,3.0150200000000003,3.0150200000000003,7152696.0
2018-04-06,2.98517,3.02248,2.94785,2.97024,2.97024,4832961.0
2018-04-09,2.98517,3.00009,2.87322,2.91054,2.91054,2613856.0
2018-04-10,2.91054,2.98517,2.89561,2.9254599999999997,2.9254599999999997,6814222.0
2018-04-11,2.94785,2.96278,2.88069,2.96278,2.96278,3180524.0
2018-04-12,2.96278,2.98517,2.87322,2.87322,2.87322,13221098.0
2018-04-13,2.88815,2.90308,2.7612799999999997,2.84337,2.84337,3073462.0
2018-04-16,2.87322,2.87322,2.76874,2.79113,2.79113,1784154.0
2018-04-17,2.78367,2.7986,2.74635,2.7612799999999997,2.7612799999999997,1604600.0
2018-04-18,2.78367,2.7986,2.73889,2.78367,2.78367,2549270.0
2018-04-19,2.77621,2.84337,2.74635,2.76874,2.76874,2371190.0
2018-04-20,2.76874,2.88815,2.7612799999999997,2.8508400000000003,2.8508400000000003,6373108.0
2018-04-23,2.8508400000000003,2.89561,2.81352,2.81352,2.81352,3201696.0
2018-04-24,2.8359099999999997,2.88069,2.7986,2.84337,2.84337,2795420.0
2018-04-25,2.8508400000000003,2.918,2.82098,2.8583,2.8583,12115096.0
2018-04-26,2.86576,2.87322,2.7986,2.8508400000000003,2.8508400000000003,4562021.0
2018-04-27,2.87322,2.918,2.87322,2.91054,2.91054,7941529.0
2018-04-30,2.9403900000000003,3.03741,2.8583,2.88815,2.88815,2864964.0
2018-05-02,2.89561,2.9403900000000003,2.8583,2.89561,2.89561,6362523.0
2018-05-03,2.91054,2.9254599999999997,2.82845,2.82845,2.82845,1878219.0
2018-05-04,2.8508400000000003,3.0598,2.77621,2.95532,2.95532,7690555.0
2018-05-07,2.94785,3.00756,2.88815,2.88815,2.88815,2173814.0
2018-05-08,2.88815,2.9254599999999997,2.8508400000000003,2.87322,2.87322,721969.0
2018-05-09,2.87322,2.88815,2.77621,2.8359099999999997,2.8359099999999997,2151035.0
2018-05-10,2.8508400000000003,2.88815,2.79113,2.82845,2.82845,1632471.0
2018-05-11,2.82845,3.05233,2.7986,2.96278,2.96278,15395313.0
2018-05-14,2.9777099999999996,3.02248,2.89561,2.96278,2.96278,2821148.0
2018-05-15,2.91054,3.09711,2.91054,2.96278,2.96278,3238678.0
2018-05-16,2.98517,3.35831,2.97024,3.35831,3.35831,3256634.0
2018-05-17,3.3807,3.4478699999999995,3.13443,3.13443,3.13443,6374448.0
2018-05-18,3.1195,3.18667,3.00756,3.1120400000000004,3.1120400000000004,9459166.0
2018-05-21,3.15682,3.1717400000000002,2.98517,2.99263,2.99263,2683534.0
2018-05-22,3.00756,3.08219,2.94785,3.0672599999999997,3.0672599999999997,9990191.0
2018-05-23,3.0150200000000003,3.07472,2.97024,3.0150200000000003,3.0150200000000003,3705922.0
2018-05-24,2.98517,2.99263,2.91054,2.9254599999999997,2.9254599999999997,5413162.0
2018-05-25,2.9403900000000003,2.97024,2.7986,2.82845,2.82845,8905093.0
2018-05-28,2.81352,2.82098,2.6194900000000003,2.68665,2.68665,3005258.0
2018-05-29,2.79113,2.7986,2.50754,2.5373900000000003,2.5373900000000003,10544933.0
2018-05-30,2.54486,2.66426,2.47769,2.62695,2.62695,4846092.0
2018-06-01,2.6717299999999997,2.7986,2.58217,2.79113,2.79113,4655416.0
2018-06-04,2.82845,2.94785,2.77621,2.91054,2.91054,2125307.0
2018-06-05,2.87322,2.96278,2.80606,2.8508400000000003,2.8508400000000003,3196872.0
2018-06-06,2.80606,2.94785,2.77621,2.918,2.918,3134028.0
2018-06-07,2.87322,2.918,2.6120200000000002,2.76874,2.76874,9901218.0
2018-06-08,2.78367,2.8508400000000003,2.69411,2.76874,2.76874,4014112.0
2018-06-11,2.81352,2.8359099999999997,2.7612799999999997,2.76874,2.76874,1984210.0
2018-06-12,2.77621,2.7986,2.72397,2.74635,2.74635,4490467.0
2018-06-13,2.74635,2.87322,2.6120200000000002,2.70158,2.70158,5763829.0
2018-06-14,2.7090400000000003,2.7612799999999997,2.58963,2.6568,2.6568,6738783.0
2018-06-15,2.70158,2.7165,2.6194900000000003,2.64934,2.64934,1639305.0
2018-06-18,2.67919,2.70158,2.6120200000000002,2.6568,2.6568,1897515.0
2018-06-19,2.64934,2.70158,2.6194900000000003,2.67919,2.67919,1605270.0
2018-06-20,2.70158,2.7986,2.67919,2.72397,2.72397,2572317.0
2018-06-21,2.73143,2.76874,2.67919,2.68665,2.68665,1576997.0
2018-06-22,2.73143,2.75382,2.67919,2.7165,2.7165,1597364.0
2018-06-25,2.73143,2.77621,2.68665,2.70158,2.70158,1303645.0
2018-06-26,2.72397,2.73143,2.63441,2.64187,2.64187,2522605.0
2018-06-27,2.63441,2.66426,2.57471,2.57471,2.57471,1323477.0
2018-06-28,2.55232,2.5971,2.47023,2.50754,2.50754,3351369.0
2018-06-29,2.515,2.64187,2.50754,2.6120200000000002,2.6120200000000002,4031130.0
2018-07-02,2.6194900000000003,2.6568,2.55978,2.56724,2.56724,640232.0
2018-07-03,2.58963,2.6120200000000002,2.55978,2.56724,2.56724,646798.0
2018-07-04,2.56724,2.6120200000000002,2.5373900000000003,2.56724,2.56724,971604.0
2018-07-05,2.58217,2.6120200000000002,2.5373900000000003,2.55232,2.55232,969594.0
2018-07-06,2.55978,2.57471,2.52247,2.52993,2.52993,2651777.0
2018-07-10,2.52247,2.54486,2.4478400000000002,2.50008,2.50008,6952372.0
2018-07-11,2.47769,2.6194900000000003,2.4478400000000002,2.55232,2.55232,6392404.0
2018-07-12,2.55232,2.7612799999999997,2.55232,2.64934,2.64934,14006447.0
2018-07-13,2.6568,2.94785,2.64934,2.94785,2.94785,13433079.0
2018-07-16,2.9777099999999996,3.0150200000000003,2.82098,2.82098,2.82098,3498764.0
2018-07-17,2.82098,2.9777099999999996,2.79113,2.8508400000000003,2.8508400000000003,6349793.0
2018-07-18,2.84337,2.91054,2.76874,2.77621,2.77621,2411388.0
2018-07-19,2.77621,2.81352,2.5971,2.63441,2.63441,4517802.0
2018-07-20,2.67919,2.7090400000000003,2.6045599999999998,2.6045599999999998,2.6045599999999998,3310500.0
2018-07-23,2.6120200000000002,2.68665,2.57471,2.62695,2.62695,1979386.0
2018-07-24,2.66426,2.72397,2.63441,2.6568,2.6568,1202210.0
2018-07-25,2.66426,2.72397,2.62695,2.66426,2.66426,1836546.0
2018-07-26,2.68665,2.7090400000000003,2.5971,2.64187,2.64187,3331672.0
2018-07-27,2.6194900000000003,2.6568,2.55978,2.57471,2.57471,2203159.0
2018-07-30,2.58217,2.6045599999999998,2.515,2.52247,2.52247,3108971.0
2018-07-31,2.52993,2.5373900000000003,2.1344,2.20902,2.20902,20924382.0
2018-08-01,2.17171,2.4553,2.15678,2.44037,2.44037,25643580.0
2018-08-02,2.4553,2.6568,2.41052,2.55978,2.55978,17888305.0
2018-08-03,2.57471,2.58963,2.41052,2.4329099999999997,2.4329099999999997,10974524.0
2018-08-06,2.44037,2.44037,2.3060400000000003,2.32097,2.32097,12333911.0
2018-08-07,2.3433599999999997,2.36575,2.26873,2.27619,2.27619,24082529.0
2018-08-08,2.29858,2.3433599999999997,2.23141,2.27619,2.27619,12280581.0
2018-08-09,2.29858,2.35082,2.23141,2.2911200000000003,2.2911200000000003,2623906.0
2018-08-10,2.26873,2.2911200000000003,2.1941,2.24634,2.24634,8462237.0
2018-08-13,2.22395,2.2911200000000003,2.20902,2.23141,2.23141,9658015.0
2018-08-14,2.27619,2.38813,2.26126,2.3060400000000003,2.3060400000000003,9088801.0
2018-08-15,2.29858,2.3806700000000003,2.26873,2.3806700000000003,2.3806700000000003,9241824.0
2018-08-16,2.35082,2.36575,2.27619,2.31351,2.31351,2636367.0
2018-08-17,2.32843,2.3433599999999997,2.26126,2.2911200000000003,2.2911200000000003,6185514.0
2018-08-20,2.29858,2.37321,2.2538,2.3433599999999997,2.3433599999999997,11559952.0
2018-08-21,2.35082,2.35082,2.26873,2.28365,2.28365,4303141.0
2018-08-22,2.26126,2.3060400000000003,2.20902,2.23888,2.23888,5502538.0
2018-08-23,2.23888,2.24634,2.17171,2.18664,2.18664,3634770.0
2018-08-24,2.2015599999999997,2.23141,2.17171,2.1941,2.1941,2878498.0
2018-08-27,2.20902,2.23888,2.17917,2.18664,2.18664,2653787.0
2018-08-28,2.20902,2.20902,2.14932,2.17917,2.17917,3020533.0
2018-08-29,2.1941,2.22395,2.17171,2.17917,2.17917,2362212.0
2018-08-30,2.1941,2.1941,2.09708,2.09708,2.09708,5137533.0
2018-08-31,2.1120099999999997,2.14186,2.06723,2.06723,2.06723,2368510.0
2018-09-03,2.0746900000000004,2.08215,2.0373799999999997,2.04484,2.04484,944000.0
2018-09-04,2.0523,2.06723,1.9552900000000002,1.9552900000000002,1.9552900000000002,2017307.0
2018-09-05,1.97767,1.9926,1.91051,1.9329,1.9329,2622432.0
2018-09-06,1.9552900000000002,1.9926,1.91051,1.91051,1.91051,2906235.0
2018-09-10,1.90304,1.9329,1.82095,1.83588,1.83588,3646026.0
2018-09-11,1.7911,1.8433400000000002,1.7537900000000002,1.7537900000000002,1.7537900000000002,5419862.0
2018-09-12,1.7761799999999999,1.7911,1.69408,1.7687099999999998,1.7687099999999998,31152550.0
2018-09-13,1.7836400000000001,1.80603,1.7314,1.76125,1.76125,3347349.0
2018-09-14,1.76125,1.7911,1.6642299999999999,1.69408,1.69408,3261458.0
2018-09-17,1.6716900000000001,1.70155,1.61199,1.65677,1.65677,5139677.0
2018-09-18,1.6642299999999999,1.6716900000000001,1.5821399999999999,1.5821399999999999,1.5821399999999999,8284558.0
2018-09-19,1.5821399999999999,1.65677,1.55229,1.5821399999999999,1.5821399999999999,9257636.0
2018-09-20,1.5970600000000001,1.6269200000000001,1.55975,1.55975,1.55975,3890300.0
2018-09-21,1.5746799999999999,1.7537900000000002,1.56721,1.7164700000000002,1.7164700000000002,12388582.0
2018-09-24,1.7537900000000002,1.7761799999999999,1.6269200000000001,1.6269200000000001,1.6269200000000001,6152015.0
2018-09-25,1.60453,1.6493099999999998,1.5746799999999999,1.5821399999999999,1.5821399999999999,6441446.0
2018-09-26,1.5896,1.6418400000000002,1.5896,1.63438,1.63438,4675381.0
2018-09-27,1.65677,1.6642299999999999,1.61199,1.63438,1.63438,2232638.0
2018-09-28,1.60453,1.68662,1.60453,1.6791599999999998,1.6791599999999998,1467254.0
2018-10-01,1.68662,1.68662,1.6418400000000002,1.6791599999999998,1.6791599999999998,1253531.0
2018-10-02,1.70155,1.7537900000000002,1.70155,1.7314,1.7314,5527729.0
2018-10-03,1.7687099999999998,1.85827,1.7537900000000002,1.7761799999999999,1.7761799999999999,5626886.0
2018-10-04,1.7761799999999999,2.16425,1.7388599999999999,2.16425,2.16425,8958959.0
2018-10-05,2.16425,2.17917,1.97767,2.0299099999999997,2.0299099999999997,7774838.0
2018-10-08,2.11947,2.17171,2.02245,2.0523,2.0523,7568083.0
2018-10-09,2.05977,2.10454,1.9702099999999998,2.00006,2.00006,6769602.0
2018-10-10,2.01499,2.01499,1.8955799999999998,1.9329,1.9329,10000911.0
2018-10-11,1.97767,2.00753,1.8806599999999998,1.9179700000000002,1.9179700000000002,4650592.0
2018-10-15,1.94782,1.9552900000000002,1.81349,1.8433400000000002,1.8433400000000002,6167157.0
2018-10-16,1.8657299999999999,1.8731900000000001,1.7687099999999998,1.7836400000000001,1.7836400000000001,5387971.0
2018-10-17,1.7911,1.96275,1.7687099999999998,1.8955799999999998,1.8955799999999998,9169601.0
2018-10-18,1.88812,1.9179700000000002,1.80603,1.83588,1.83588,4518740.0
2018-10-19,1.8508,1.90304,1.8284200000000002,1.90304,1.90304,4213632.0
2018-10-22,1.9179700000000002,1.94782,1.8508,1.8508,1.8508,9176300.0
2018-10-23,1.8508,1.85827,1.80603,1.8508,1.8508,2761921.0
2018-10-24,1.85827,1.8955799999999998,1.82095,1.8433400000000002,1.8433400000000002,10522288.0
2018-10-25,1.8731900000000001,1.8731900000000001,1.8284200000000002,1.8508,1.8508,9434510.0
2018-10-26,1.8657299999999999,1.9926,1.8508,1.9403599999999999,1.9403599999999999,23022622.0
2018-10-29,1.8806599999999998,1.90304,1.7911,1.83588,1.83588,6027801.0
2018-10-30,1.8508,2.16425,1.80603,2.1120099999999997,2.1120099999999997,54341729.0
2018-10-31,2.1120099999999997,2.27619,1.9926,2.08962,2.08962,27278329.0
2018-11-01,2.08962,2.15678,2.0373799999999997,2.1344,2.1344,15275521.0
2018-11-05,2.14186,2.15678,2.0523,2.08962,2.08962,6370964.0
2018-11-06,2.09708,2.29858,2.05977,2.1941,2.1941,37679217.0
2018-11-07,2.23141,2.3582799999999997,2.16425,2.2164900000000003,2.2164900000000003,11821243.0
2018-11-08,2.2538,2.2538,2.1120099999999997,2.1941,2.1941,9213685.0
2018-11-09,2.16425,2.24634,2.1120099999999997,2.2164900000000003,2.2164900000000003,11491480.0
2018-11-12,2.24634,2.2538,2.02245,2.06723,2.06723,8884726.0
2018-11-13,2.06723,2.0746900000000004,1.8955799999999998,1.91051,1.91051,10625867.0
2018-11-14,1.8806599999999998,2.0299099999999997,1.5746799999999999,1.68662,1.68662,34887548.0
2018-11-16,1.6642299999999999,1.7388599999999999,1.5896,1.6418400000000002,1.6418400000000002,18354745.0
2018-11-19,1.6418400000000002,1.7687099999999998,1.63438,1.6642299999999999,1.6642299999999999,17910817.0
2018-11-21,1.68,1.87,1.65,1.74,1.74,33196400.0
2018-11-22,1.75,1.77,1.58,1.6,1.6,16692700.0
2018-11-23,1.62,1.69,1.57,1.65,1.65,14990100.0
2018-11-26,1.66,1.67,1.47,1.52,1.52,24962900.0
2018-11-27,1.52,1.53,1.41,1.51,1.51,19229100.0
2018-11-28,1.5,1.55,1.48,1.52,1.52,14091500.0
2018-11-29,1.52,1.57,1.49,1.49,1.49,9099400.0
2018-11-30,1.5,1.51,1.44,1.44,1.44,6926500.0
2018-12-03,1.46,1.48,1.41,1.42,1.42,10375200.0
2018-12-04,1.44,1.44,1.31,1.33,1.33,19284400.0
2018-12-05,1.34,1.37,1.29,1.33,1.33,18745800.0
2018-12-06,1.32,1.46,1.29,1.43,1.43,45514600.0
2018-12-07,1.43,1.48,1.36,1.41,1.41,48451900.0
2018-12-10,1.41,1.44,1.33,1.35,1.35,20816600.0
2018-12-11,1.37,1.42,1.32,1.33,1.33,25654600.0
2018-12-12,1.35,1.37,1.31,1.33,1.33,9816500.0
2018-12-13,1.33,1.35,1.3,1.32,1.32,7641200.0
2018-12-14,1.31,1.32,1.27,1.29,1.29,18232400.0
2018-12-17,1.29,1.31,1.26,1.27,1.27,20505000.0
2018-12-18,1.28,1.29,1.25,1.28,1.28,19059400.0
2018-12-19,1.28,1.33,1.27,1.27,1.27,21816700.0
2018-12-20,1.28,1.3,1.24,1.3,1.3,30580000.0
2018-12-21,1.31,1.39,1.23,1.24,1.24,32813300.0
2018-12-26,1.26,1.26,1.23,1.25,1.25,6839200.0
2018-12-27,1.25,1.29,1.25,1.27,1.27,9941000.0
2018-12-28,1.28,1.28,1.24,1.25,1.25,8385500.0
2019-01-02,1.25,1.28,1.24,1.26,1.26,11757400.0
2019-01-03,1.28,1.41,1.27,1.41,1.41,21386900.0
2019-01-04,1.46,1.49,1.37,1.41,1.41,21348500.0
2019-01-07,1.43,1.47,1.39,1.42,1.42,7438200.0
2019-01-08,1.42,1.43,1.32,1.38,1.38,23400900.0
2019-01-09,1.43,1.43,1.36,1.4,1.4,30251000.0
2019-01-10,1.39,1.44,1.35,1.43,1.43,32758600.0
2019-01-11,1.44,1.45,1.38,1.43,1.43,13643500.0
2019-01-14,1.43,1.43,1.32,1.35,1.35,51308200.0
2019-01-15,1.36,1.4,1.35,1.38,1.38,39705000.0
2019-01-16,1.39,1.39,1.28,1.3,1.3,65814700.0
2019-01-17,1.32,1.37,1.29,1.34,1.34,43885500.0
2019-01-18,1.33,1.37,1.3,1.32,1.32,42121100.0
2019-01-21,1.33,1.33,1.28,1.3,1.3,13097500.0
2019-01-22,1.3,1.35,1.29,1.3,1.3,15902100.0
2019-01-23,1.32,1.33,1.28,1.3,1.3,22173700.0
2019-01-24,1.31,1.31,1.27,1.29,1.29,29159200.0
2019-01-28,1.29,1.29,1.25,1.26,1.26,20937900.0
2019-01-29,1.27,1.28,1.25,1.25,1.25,17766700.0
2019-01-30,1.25,1.28,1.24,1.25,1.25,29369300.0
2019-01-31,1.25,1.3,1.24,1.3,1.3,30406000.0
2019-02-01,1.34,1.39,1.31,1.34,1.34,55655300.0
2019-02-04,1.36,1.39,1.3,1.32,1.32,41253400.0
2019-02-05,1.34,1.44,1.33,1.43,1.43,96312200.0
2019-02-06,1.48,1.53,1.46,1.48,1.48,122112300.0
2019-02-07,1.49,1.49,1.42,1.46,1.46,37966000.0
2019-02-08,1.45,1.45,1.4,1.42,1.42,15691600.0
2019-02-11,1.44,1.46,1.39,1.39,1.39,23901000.0
2019-02-12,1.4,1.42,1.37,1.4,1.4,31771700.0
2019-02-13,1.41,1.42,1.37,1.4,1.4,24248800.0
2019-02-14,1.4,1.44,1.37,1.43,1.43,42097000.0
2019-02-15,1.42,1.5,1.41,1.49,1.49,27889100.0
2019-02-18,1.5,1.5,1.41,1.43,1.43,51416600.0
2019-02-19,1.45,1.48,1.42,1.44,1.44,23316200.0
2019-02-20,1.45,1.55,1.43,1.46,1.46,74459100.0
2019-02-21,1.46,1.52,1.42,1.51,1.51,51023000.0
2019-02-22,1.53,1.55,1.5,1.54,1.54,35517800.0
2019-02-25,1.59,1.67,1.58,1.65,1.65,72381800.0
2019-02-26,1.62,1.73,1.61,1.7,1.7,70321400.0
2019-02-27,1.72,1.77,1.68,1.72,1.72,87891100.0
2019-02-28,1.87,1.89,1.78,1.79,1.79,100235100.0
2019-03-01,1.81,1.82,1.71,1.76,1.76,53816600.0
2019-03-06,1.77,1.79,1.73,1.77,1.77,18806400.0
2019-03-07,1.77,1.78,1.75,1.75,1.75,21295100.0
2019-03-08,1.75,1.8,1.65,1.75,1.75,35749900.0
2019-03-11,1.74,1.77,1.72,1.73,1.73,19040800.0
2019-03-12,1.73,1.74,1.7,1.71,1.71,11678600.0
2019-03-13,1.71,1.72,1.66,1.69,1.69,28354100.0
2019-03-14,1.72,1.74,1.67,1.68,1.68,45915400.0
2019-03-15,1.69,1.72,1.67,1.69,1.69,41271100.0
2019-03-18,1.71,1.83,1.68,1.81,1.81,50684100.0
2019-03-19,1.86,1.92,1.84,1.87,1.87,72632600.0
2019-03-20,1.88,1.95,1.86,1.89,1.89,66683900.0
2019-03-21,1.9,1.92,1.81,1.9,1.9,53942800.0
2019-03-22,1.87,1.89,1.81,1.83,1.83,40464600.0
2019-03-25,1.81,1.84,1.79,1.81,1.81,21677300.0
2019-03-26,1.81,1.84,1.8,1.81,1.81,15487100.0
2019-03-27,1.77,1.78,1.65,1.65,1.65,58787600.0
2019-03-28,1.65,1.67,1.59,1.6,1.6,54720600.0
2019-03-29,1.62,1.63,1.52,1.52,1.52,57312200.0
2019-04-01,1.52,1.56,1.42,1.44,1.44,85306300.0
2019-04-02,1.45,1.55,1.4,1.51,1.51,80465600.0
2019-04-03,1.55,1.56,1.46,1.47,1.47,38286500.0
2019-04-04,1.47,1.51,1.45,1.47,1.47,32021300.0
2019-04-05,1.48,1.5,1.45,1.49,1.49,36835700.0
2019-04-08,1.5,1.51,1.44,1.45,1.45,41858200.0
2019-04-09,1.46,1.52,1.45,1.47,1.47,50279500.0
2019-04-10,1.48,1.59,1.47,1.58,1.58,44173100.0
2019-04-11,1.59,1.7,1.58,1.65,1.65,97596300.0
2019-04-12,1.64,1.72,1.58,1.61,1.61,85943300.0
2019-04-15,1.62,1.64,1.59,1.6,1.6,19390700.0
2019-04-16,1.6,1.67,1.58,1.65,1.65,35831300.0
2019-04-17,1.66,1.68,1.58,1.61,1.61,37682800.0
2019-04-18,1.63,1.67,1.61,1.64,1.64,28689600.0
2019-04-22,1.64,1.75,1.64,1.71,1.71,49531200.0
2019-04-23,1.74,1.77,1.7,1.75,1.75,41492600.0
2019-04-24,1.76,1.77,1.68,1.71,1.71,34689900.0
2019-04-25,1.71,1.74,1.68,1.71,1.71,30197900.0
2019-04-26,1.72,1.73,1.66,1.67,1.67,25857500.0
2019-04-29,1.68,1.7,1.65,1.65,1.65,20219000.0
2019-04-30,1.67,1.7,1.66,1.69,1.69,36832400.0
2019-05-02,1.7,1.79,1.68,1.78,1.78,80610700.0
2019-05-03,1.81,1.82,1.74,1.76,1.76,84874300.0
2019-05-06,1.73,1.77,1.72,1.74,1.74,43158500.0
2019-05-07,1.73,1.74,1.68,1.71,1.71,41636400.0
2019-05-08,1.72,1.73,1.57,1.6,1.6,106664700.0
2019-05-09,1.6,1.6,1.48,1.56,1.56,85273200.0
2019-05-10,1.57,1.58,1.52,1.54,1.54,33788700.0
2019-05-13,1.51,1.53,1.48,1.51,1.51,39426600.0
2019-05-14,1.48,1.51,1.45,1.45,1.45,80477900.0
2019-05-15,1.44,1.53,1.41,1.49,1.49,67894900.0
2019-05-16,1.5,1.52,1.41,1.42,1.42,37788300.0
2019-05-17,1.42,1.46,1.38,1.4,1.4,52036500.0
2019-05-20,1.41,1.47,1.4,1.43,1.43,55726700.0
2019-05-21,1.46,1.48,1.44,1.45,1.45,38484100.0
2019-05-22,1.47,1.48,1.42,1.43,1.43,56318200.0
2019-05-23,1.43,1.51,1.42,1.49,1.49,54340500.0
2019-05-24,1.52,1.53,1.47,1.49,1.49,37006000.0
2019-05-27,1.49,1.53,1.49,1.53,1.53,23098100.0
2019-05-28,1.53,1.57,1.51,1.54,1.54,35789000.0
2019-05-29,1.53,1.54,1.47,1.48,1.48,48983700.0
2019-05-30,1.49,1.49,1.46,1.49,1.49,28317400.0
2019-05-31,1.48,1.5,1.45,1.47,1.47,31366300.0
2019-06-03,1.48,1.48,1.45,1.47,1.47,20108500.0
2019-06-04,1.48,1.51,1.46,1.47,1.47,31023200.0
2019-06-05,1.48,1.5,1.45,1.46,1.46,46511900.0
2019-06-06,1.47,1.49,1.45,1.48,1.48,36912900.0
2019-06-07,1.49,1.51,1.46,1.47,1.47,47364000.0
2019-06-10,1.47,1.48,1.45,1.47,1.47,11579000.0
2019-06-11,1.47,1.48,1.44,1.45,1.45,31883900.0
2019-06-12,1.45,1.58,1.41,1.51,1.51,101154600.0
2019-06-13,1.52,1.59,1.46,1.46,1.46,101907300.0
2019-06-14,1.47,1.48,1.42,1.44,1.44,41788800.0
2019-06-17,1.44,1.46,1.41,1.42,1.42,46987800.0
2019-06-18,1.42,1.44,1.4,1.42,1.42,44283100.0
2019-06-19,1.43,1.44,1.42,1.43,1.43,17415800.0
2019-06-21,1.43,1.44,1.41,1.43,1.43,18011900.0
2019-06-24,1.43,1.45,1.42,1.44,1.44,17524200.0
2019-06-25,1.44,1.45,1.42,1.43,1.43,22353200.0
2019-06-26,1.43,1.45,1.43,1.44,1.44,18414800.0
2019-06-27,1.44,1.53,1.43,1.52,1.52,102915100.0
2019-06-28,1.54,1.6,1.52,1.6,1.6,126241500.0
2019-07-01,1.62,1.64,1.52,1.6,1.6,69553900.0
2019-07-02,1.6,1.63,1.54,1.56,1.56,48562000.0
2019-07-03,1.57,1.61,1.55,1.6,1.6,29251800.0
2019-07-04,1.61,1.65,1.6,1.63,1.63,34503800.0
2019-07-05,1.63,1.63,1.56,1.58,1.58,69133200.0
2019-07-08,1.6,1.62,1.58,1.59,1.59,47862400.0
2019-07-10,1.61,1.62,1.46,1.47,1.47,160505300.0
2019-07-11,1.5,1.53,1.48,1.5,1.5,46835400.0
2019-07-12,1.54,1.57,1.52,1.53,1.53,59367600.0
2019-07-15,1.55,1.65,1.54,1.62,1.62,108972200.0
2019-07-16,1.69,1.7,1.53,1.57,1.57,197047900.0
2019-07-17,1.55,1.56,1.51,1.53,1.53,101369400.0
2019-07-18,1.53,1.54,1.46,1.48,1.48,79416100.0
2019-07-19,1.48,1.49,1.42,1.43,1.43,105998500.0
2019-07-22,1.44,1.45,1.41,1.42,1.42,48913900.0
2019-07-23,1.43,1.47,1.42,1.47,1.47,54330100.0
2019-07-24,1.47,1.51,1.44,1.47,1.47,59042100.0
2019-07-25,1.47,1.48,1.43,1.45,1.45,24198500.0
2019-07-26,1.44,1.51,1.43,1.5,1.5,43724000.0
2019-07-29,1.5,1.53,1.47,1.51,1.51,33788200.0
2019-07-30,1.5,1.51,1.48,1.51,1.51,23080600.0
2019-07-31,1.52,1.58,1.52,1.56,1.56,83201900.0
2019-08-01,1.56,1.6,1.52,1.52,1.52,85448600.0
2019-08-02,1.54,1.55,1.5,1.55,1.55,41078400.0
2019-08-05,1.52,1.54,1.5,1.53,1.53,30793100.0
2019-08-06,1.53,1.54,1.51,1.53,1.53,35305400.0
2019-08-07,1.55,1.59,1.5,1.58,1.58,75809800.0
2019-08-08,1.57,1.58,1.55,1.58,1.58,38470200.0
2019-08-09,1.57,1.58,1.51,1.54,1.54,60611900.0
2019-08-12,1.52,1.53,1.48,1.5,1.5,41885500.0
2019-08-13,1.5,1.51,1.47,1.48,1.48,46741600.0
2019-08-14,1.49,1.52,1.44,1.45,1.45,68378300.0
2019-08-15,1.42,1.44,1.07,1.19,1.19,385046300.0
2019-08-16,1.06,1.13,0.97,1.09,1.09,369479700.0
2019-08-19,1.12,1.18,1.0,1.0,1.0,207990900.0
2019-08-20,0.97,0.97,0.71,0.73,0.73,361782400.0
2019-08-21,0.79,0.83,0.74,0.77,0.77,286931100.0
2019-08-22,0.79,0.87,0.78,0.83,0.83,222339400.0
2019-08-23,0.84,0.85,0.78,0.8,0.8,107448500.0
2019-08-26,0.81,0.81,0.73,0.74,0.74,93587800.0
2019-08-27,0.77,0.78,0.74,0.76,0.76,72002600.0
2019-08-28,0.88,0.9,0.81,0.82,0.82,197806300.0
2019-08-29,0.87,1.01,0.86,0.98,0.98,303070300.0
2019-08-30,1.02,1.2,0.98,1.19,1.19,395117000.0
2019-09-02,1.24,1.3,1.12,1.15,1.15,274654500.0
2019-09-03,1.18,1.25,1.16,1.21,1.21,309509200.0
2019-09-04,1.25,1.26,1.19,1.2,1.2,214001100.0
2019-09-05,1.21,1.22,1.14,1.17,1.17,144727200.0
2019-09-06,1.16,1.22,1.11,1.18,1.18,165784400.0
2019-09-09,1.2,1.24,1.18,1.21,1.21,150803000.0
2019-09-10,1.25,1.29,1.2,1.24,1.24,310252400.0
2019-09-11,1.29,1.3,1.19,1.21,1.21,274129900.0
2019-09-12,1.27,1.27,1.16,1.17,1.17,308875700.0
2019-09-13,1.11,1.13,1.01,1.05,1.05,290182400.0
2019-09-16,1.09,1.16,1.04,1.07,1.07,281105400.0
2019-09-17,1.03,1.09,1.01,1.08,1.08,147872400.0
2019-09-18,1.09,1.13,1.06,1.07,1.07,159052700.0
2019-09-19,1.1,1.11,1.05,1.07,1.07,145888400.0
2019-09-20,1.08,1.08,1.03,1.04,1.04,109183000.0
2019-09-23,1.05,1.07,1.04,1.06,1.06,65712200.0
2019-09-24,1.04,1.05,1.03,1.04,1.04,90247000.0
2019-09-25,1.02,1.03,0.92,0.98,0.98,254494500.0
2019-09-26,0.95,0.96,0.92,0.94,0.94,131613700.0
2019-09-27,0.93,1.01,0.92,0.97,0.97,156919600.0
2019-09-30,0.97,0.98,0.93,0.95,0.95,89518400.0
2019-10-01,0.95,0.96,0.94,0.95,0.95,51478100.0
2019-10-02,0.93,0.94,0.89,0.91,0.91,183071900.0
2019-10-03,0.89,0.97,0.86,0.97,0.97,158022900.0
2019-10-04,0.99,1.01,0.94,0.95,0.95,162063500.0
2019-10-07,0.96,1.0,0.94,0.94,0.94,102718200.0
2019-10-08,0.96,0.98,0.94,0.97,0.97,66456600.0
2019-10-09,0.97,0.98,0.95,0.97,0.97,52637100.0
2019-10-10,0.98,0.99,0.93,0.93,0.93,94514700.0
2019-10-11,0.93,0.96,0.93,0.95,0.95,34302100.0
2019-10-14,0.95,0.95,0.92,0.95,0.95,38298500.0
2019-10-15,0.94,0.95,0.92,0.93,0.93,30837200.0
2019-10-16,0.93,0.93,0.91,0.92,0.92,47377300.0
2019-10-17,0.93,0.99,0.92,0.98,0.98,150124700.0
2019-10-18,0.98,0.99,0.96,0.97,0.97,52235100.0
2019-10-21,0.98,0.99,0.94,0.96,0.96,64011100.0
2019-10-22,0.95,0.96,0.94,0.95,0.95,60739100.0
2019-10-23,0.95,0.95,0.93,0.95,0.95,45859900.0
2019-10-24,0.94,0.95,0.92,0.93,0.93,34491200.0
2019-10-25,0.92,0.93,0.92,0.93,0.93,23194200.0
2019-10-28,0.92,0.92,0.9,0.9,0.9,51520400.0
2019-10-29,0.9,0.97,0.89,0.93,0.93,98165600.0
2019-10-30,0.94,0.95,0.93,0.94,0.94,37756100.0
2019-10-31,0.94,0.97,0.93,0.95,0.95,76762300.0
2019-11-01,0.95,0.96,0.93,0.96,0.96,78120600.0
2019-11-04,0.97,0.98,0.95,0.97,0.97,55576700.0
2019-11-05,0.97,0.98,0.93,0.94,0.94,94563500.0
2019-11-06,0.95,1.02,0.94,0.95,0.95,171228500.0
2019-11-07,0.96,1.01,0.96,0.99,0.99,138754700.0
2019-11-08,0.99,1.04,0.97,0.97,0.97,166689000.0
2019-11-11,0.98,0.99,0.95,0.97,0.97,97420500.0
2019-11-12,0.0,0.0,0.0,1.01,1.01,0.0
